[
  {
    "pk": 1,
    "model": "contenttypes.contenttype",
    "fields": {
      "model": "permission",
      "name": "permission",
      "app_label": "auth"
    }
  },
  {
    "pk": 2,
    "model": "contenttypes.contenttype",
    "fields": {
      "model": "group",
      "name": "group",
      "app_label": "auth"
    }
  },
  {
    "pk": 3,
    "model": "contenttypes.contenttype",
    "fields": {
      "model": "user",
      "name": "user",
      "app_label": "auth"
    }
  },
  {
    "pk": 4,
    "model": "contenttypes.contenttype",
    "fields": {
      "model": "contenttype",
      "name": "content type",
      "app_label": "contenttypes"
    }
  },
  {
    "pk": 5,
    "model": "contenttypes.contenttype",
    "fields": {
      "model": "session",
      "name": "session",
      "app_label": "sessions"
    }
  },
  {
    "pk": 6,
    "model": "contenttypes.contenttype",
    "fields": {
      "model": "site",
      "name": "site",
      "app_label": "sites"
    }
  },
  {
    "pk": 7,
    "model": "contenttypes.contenttype",
    "fields": {
      "model": "comment",
      "name": "comment",
      "app_label": "comments"
    }
  },
  {
    "pk": 8,
    "model": "contenttypes.contenttype",
    "fields": {
      "model": "commentflag",
      "name": "comment flag",
      "app_label": "comments"
    }
  },
  {
    "pk": 9,
    "model": "contenttypes.contenttype",
    "fields": {
      "model": "migrationhistory",
      "name": "migration history",
      "app_label": "south"
    }
  },
  {
    "pk": 10,
    "model": "contenttypes.contenttype",
    "fields": {
      "model": "mpttcomment",
      "name": "mptt comment",
      "app_label": "mptt_comments"
    }
  },
  {
    "pk": 11,
    "model": "contenttypes.contenttype",
    "fields": {
      "model": "profile",
      "name": "user",
      "app_label": "userprofile"
    }
  },
  {
    "pk": 12,
    "model": "contenttypes.contenttype",
    "fields": {
      "model": "link",
      "name": "Link",
      "app_label": "link"
    }
  },
  {
    "pk": 13,
    "model": "contenttypes.contenttype",
    "fields": {
      "model": "list",
      "name": "List",
      "app_label": "list"
    }
  },
  {
    "pk": 14,
    "model": "contenttypes.contenttype",
    "fields": {
      "model": "listlinks",
      "name": "list links",
      "app_label": "list"
    }
  },
  {
    "pk": 15,
    "model": "contenttypes.contenttype",
    "fields": {
      "model": "logentry",
      "name": "log entry",
      "app_label": "admin"
    }
  },
  {
    "pk": 16,
    "model": "contenttypes.contenttype",
    "fields": {
      "model": "captchastore",
      "name": "captcha store",
      "app_label": "captcha"
    }
  },
  {
    "pk": 17,
    "model": "contenttypes.contenttype",
    "fields": {
      "model": "tag",
      "name": "Tag",
      "app_label": "taggit"
    }
  },
  {
    "pk": 18,
    "model": "contenttypes.contenttype",
    "fields": {
      "model": "taggeditem",
      "name": "Tagged Item",
      "app_label": "taggit"
    }
  },
  {
    "pk": "2umudzwhqhjjwedjrz6g9begotb6ta28",
    "model": "sessions.session",
    "fields": {
      "expire_date": "2013-08-17T15:39:31.618Z",
      "session_data": "ZDE4ZGE0ZjBjMGRmYjMxMmUzZDViOWIzMzYzYWNkYThlZDRkMTRhZDqAAn1xAShYDwAAAF9zZXNzaW9uX2V4cGlyeXECSwBVCWdldF90b2tlbnEDVQwzMTgwYTg5ODE2MWVVEl9hdXRoX3VzZXJfYmFja2VuZHEEVSlkamFuZ28uY29udHJpYi5hdXRoLmJhY2tlbmRzLk1vZGVsQmFja2VuZHEFVQ1fYXV0aF91c2VyX2lkcQZLAnUu"
    }
  },
  {
    "pk": "7bn673pc7qkauoq3ku8hqgxmedlbz28f",
    "model": "sessions.session",
    "fields": {
      "expire_date": "2013-08-19T21:32:22.218Z",
      "session_data": "NzQzMjQ4ZTJiYTMxYzM5MzNhZWE0NWEwODE0ZWI2NWU2MDMzNjc2YzqAAn1xAS4="
    }
  },
  {
    "pk": "kz0m1ocao0r70fsodike7049v8qx88ut",
    "model": "sessions.session",
    "fields": {
      "expire_date": "2013-08-19T21:32:24.118Z",
      "session_data": "NzQzMjQ4ZTJiYTMxYzM5MzNhZWE0NWEwODE0ZWI2NWU2MDMzNjc2YzqAAn1xAS4="
    }
  },
  {
    "pk": "oiuypkk4tyrwzrjhfk104ivebhh0pd3p",
    "model": "sessions.session",
    "fields": {
      "expire_date": "2013-08-19T21:33:48.332Z",
      "session_data": "NTY0YzhhMjk0MTdjMzJlMmMxYmJkNTdkMWEwYWVlNTRjYTA5NzU1MDqAAn1xAShYDwAAAF9zZXNzaW9uX2V4cGlyeXECSwBVCWdldF90b2tlbnEDVQw3ODE0NjZlNjlmNWRVEl9hdXRoX3VzZXJfYmFja2VuZHEEVSlkamFuZ28uY29udHJpYi5hdXRoLmJhY2tlbmRzLk1vZGVsQmFja2VuZHEFVQ1fYXV0aF91c2VyX2lkcQZLAnUu"
    }
  },
  {
    "pk": "puvy05awitlvsojqdwimrewvnuu7pn0o",
    "model": "sessions.session",
    "fields": {
      "expire_date": "2013-08-17T15:40:46.525Z",
      "session_data": "MGI0ZDQxNTNhZTdjNjljOTJlNDllYjYxOTZmNjhmNTFlMjI0ZWFjZTqAAn1xAShYDwAAAF9zZXNzaW9uX2V4cGlyeXECSwBVCWdldF90b2tlbnEDVQwwZjBjNzZjMGVmZDhVEl9hdXRoX3VzZXJfYmFja2VuZHEEVSlkamFuZ28uY29udHJpYi5hdXRoLmJhY2tlbmRzLk1vZGVsQmFja2VuZHEFVQ1fYXV0aF91c2VyX2lkcQZLAnUu"
    }
  },
  {
    "pk": 1,
    "model": "sites.site",
    "fields": {
      "domain": "example.com",
      "name": "example.com"
    }
  },
  {
    "pk": 27,
    "model": "captcha.captchastore",
    "fields": {
      "challenge": "9-1=",
      "hashkey": "6d9d4e0564d05847fadeeb1122e939e306277374",
      "response": "8",
      "expiration": "2013-08-05T21:33:22.565Z"
    }
  },
  {
    "pk": 28,
    "model": "captcha.captchastore",
    "fields": {
      "challenge": "5*9=",
      "hashkey": "69b984452158a5945ad605726f7517f0ca93f555",
      "response": "45",
      "expiration": "2013-08-05T21:35:21.317Z"
    }
  },
  {
    "pk": 29,
    "model": "captcha.captchastore",
    "fields": {
      "challenge": "8+10=",
      "hashkey": "e1e19a0c13f2fd590746a18cae97e0ba89f53363",
      "response": "18",
      "expiration": "2013-08-05T21:37:19.341Z"
    }
  },
  {
    "pk": 1,
    "model": "taggit.tag",
    "fields": {
      "name": "Ruby",
      "slug": "ruby"
    }
  },
  {
    "pk": 2,
    "model": "taggit.tag",
    "fields": {
      "name": "Static Site Generator",
      "slug": "static-site-generator"
    }
  },
  {
    "pk": 3,
    "model": "taggit.tag",
    "fields": {
      "name": "Ruby on Rails",
      "slug": "ruby-on-rails"
    }
  },
  {
    "pk": 4,
    "model": "taggit.tag",
    "fields": {
      "name": "Javascript",
      "slug": "javascript"
    }
  },
  {
    "pk": 1,
    "model": "taggit.taggeditem",
    "fields": {
      "tag": 1,
      "content_type": 12,
      "object_id": 1
    }
  },
  {
    "pk": 2,
    "model": "taggit.taggeditem",
    "fields": {
      "tag": 2,
      "content_type": 12,
      "object_id": 1
    }
  },
  {
    "pk": 3,
    "model": "taggit.taggeditem",
    "fields": {
      "tag": 3,
      "content_type": 12,
      "object_id": 1
    }
  },
  {
    "pk": 4,
    "model": "taggit.taggeditem",
    "fields": {
      "tag": 4,
      "content_type": 12,
      "object_id": 2
    }
  },
  {
    "pk": 5,
    "model": "taggit.taggeditem",
    "fields": {
      "tag": 4,
      "content_type": 12,
      "object_id": 3
    }
  },
  {
    "pk": 1,
    "model": "auth.permission",
    "fields": {
      "codename": "add_permission",
      "name": "Can add permission",
      "content_type": 1
    }
  },
  {
    "pk": 2,
    "model": "auth.permission",
    "fields": {
      "codename": "change_permission",
      "name": "Can change permission",
      "content_type": 1
    }
  },
  {
    "pk": 3,
    "model": "auth.permission",
    "fields": {
      "codename": "delete_permission",
      "name": "Can delete permission",
      "content_type": 1
    }
  },
  {
    "pk": 4,
    "model": "auth.permission",
    "fields": {
      "codename": "add_group",
      "name": "Can add group",
      "content_type": 2
    }
  },
  {
    "pk": 5,
    "model": "auth.permission",
    "fields": {
      "codename": "change_group",
      "name": "Can change group",
      "content_type": 2
    }
  },
  {
    "pk": 6,
    "model": "auth.permission",
    "fields": {
      "codename": "delete_group",
      "name": "Can delete group",
      "content_type": 2
    }
  },
  {
    "pk": 7,
    "model": "auth.permission",
    "fields": {
      "codename": "add_user",
      "name": "Can add user",
      "content_type": 3
    }
  },
  {
    "pk": 8,
    "model": "auth.permission",
    "fields": {
      "codename": "change_user",
      "name": "Can change user",
      "content_type": 3
    }
  },
  {
    "pk": 9,
    "model": "auth.permission",
    "fields": {
      "codename": "delete_user",
      "name": "Can delete user",
      "content_type": 3
    }
  },
  {
    "pk": 10,
    "model": "auth.permission",
    "fields": {
      "codename": "add_contenttype",
      "name": "Can add content type",
      "content_type": 4
    }
  },
  {
    "pk": 11,
    "model": "auth.permission",
    "fields": {
      "codename": "change_contenttype",
      "name": "Can change content type",
      "content_type": 4
    }
  },
  {
    "pk": 12,
    "model": "auth.permission",
    "fields": {
      "codename": "delete_contenttype",
      "name": "Can delete content type",
      "content_type": 4
    }
  },
  {
    "pk": 13,
    "model": "auth.permission",
    "fields": {
      "codename": "add_session",
      "name": "Can add session",
      "content_type": 5
    }
  },
  {
    "pk": 14,
    "model": "auth.permission",
    "fields": {
      "codename": "change_session",
      "name": "Can change session",
      "content_type": 5
    }
  },
  {
    "pk": 15,
    "model": "auth.permission",
    "fields": {
      "codename": "delete_session",
      "name": "Can delete session",
      "content_type": 5
    }
  },
  {
    "pk": 16,
    "model": "auth.permission",
    "fields": {
      "codename": "add_site",
      "name": "Can add site",
      "content_type": 6
    }
  },
  {
    "pk": 17,
    "model": "auth.permission",
    "fields": {
      "codename": "change_site",
      "name": "Can change site",
      "content_type": 6
    }
  },
  {
    "pk": 18,
    "model": "auth.permission",
    "fields": {
      "codename": "delete_site",
      "name": "Can delete site",
      "content_type": 6
    }
  },
  {
    "pk": 19,
    "model": "auth.permission",
    "fields": {
      "codename": "add_comment",
      "name": "Can add comment",
      "content_type": 7
    }
  },
  {
    "pk": 20,
    "model": "auth.permission",
    "fields": {
      "codename": "change_comment",
      "name": "Can change comment",
      "content_type": 7
    }
  },
  {
    "pk": 21,
    "model": "auth.permission",
    "fields": {
      "codename": "delete_comment",
      "name": "Can delete comment",
      "content_type": 7
    }
  },
  {
    "pk": 22,
    "model": "auth.permission",
    "fields": {
      "codename": "can_moderate",
      "name": "Can moderate comments",
      "content_type": 7
    }
  },
  {
    "pk": 23,
    "model": "auth.permission",
    "fields": {
      "codename": "add_commentflag",
      "name": "Can add comment flag",
      "content_type": 8
    }
  },
  {
    "pk": 24,
    "model": "auth.permission",
    "fields": {
      "codename": "change_commentflag",
      "name": "Can change comment flag",
      "content_type": 8
    }
  },
  {
    "pk": 25,
    "model": "auth.permission",
    "fields": {
      "codename": "delete_commentflag",
      "name": "Can delete comment flag",
      "content_type": 8
    }
  },
  {
    "pk": 26,
    "model": "auth.permission",
    "fields": {
      "codename": "add_migrationhistory",
      "name": "Can add migration history",
      "content_type": 9
    }
  },
  {
    "pk": 27,
    "model": "auth.permission",
    "fields": {
      "codename": "change_migrationhistory",
      "name": "Can change migration history",
      "content_type": 9
    }
  },
  {
    "pk": 28,
    "model": "auth.permission",
    "fields": {
      "codename": "delete_migrationhistory",
      "name": "Can delete migration history",
      "content_type": 9
    }
  },
  {
    "pk": 29,
    "model": "auth.permission",
    "fields": {
      "codename": "add_mpttcomment",
      "name": "Can add mptt comment",
      "content_type": 10
    }
  },
  {
    "pk": 30,
    "model": "auth.permission",
    "fields": {
      "codename": "change_mpttcomment",
      "name": "Can change mptt comment",
      "content_type": 10
    }
  },
  {
    "pk": 31,
    "model": "auth.permission",
    "fields": {
      "codename": "delete_mpttcomment",
      "name": "Can delete mptt comment",
      "content_type": 10
    }
  },
  {
    "pk": 32,
    "model": "auth.permission",
    "fields": {
      "codename": "add_profile",
      "name": "Can add user",
      "content_type": 11
    }
  },
  {
    "pk": 33,
    "model": "auth.permission",
    "fields": {
      "codename": "change_profile",
      "name": "Can change user",
      "content_type": 11
    }
  },
  {
    "pk": 34,
    "model": "auth.permission",
    "fields": {
      "codename": "delete_profile",
      "name": "Can delete user",
      "content_type": 11
    }
  },
  {
    "pk": 35,
    "model": "auth.permission",
    "fields": {
      "codename": "add_link",
      "name": "Can add Link",
      "content_type": 12
    }
  },
  {
    "pk": 36,
    "model": "auth.permission",
    "fields": {
      "codename": "change_link",
      "name": "Can change Link",
      "content_type": 12
    }
  },
  {
    "pk": 37,
    "model": "auth.permission",
    "fields": {
      "codename": "delete_link",
      "name": "Can delete Link",
      "content_type": 12
    }
  },
  {
    "pk": 38,
    "model": "auth.permission",
    "fields": {
      "codename": "add_list",
      "name": "Can add List",
      "content_type": 13
    }
  },
  {
    "pk": 39,
    "model": "auth.permission",
    "fields": {
      "codename": "change_list",
      "name": "Can change List",
      "content_type": 13
    }
  },
  {
    "pk": 40,
    "model": "auth.permission",
    "fields": {
      "codename": "delete_list",
      "name": "Can delete List",
      "content_type": 13
    }
  },
  {
    "pk": 41,
    "model": "auth.permission",
    "fields": {
      "codename": "add_listlinks",
      "name": "Can add list links",
      "content_type": 14
    }
  },
  {
    "pk": 42,
    "model": "auth.permission",
    "fields": {
      "codename": "change_listlinks",
      "name": "Can change list links",
      "content_type": 14
    }
  },
  {
    "pk": 43,
    "model": "auth.permission",
    "fields": {
      "codename": "delete_listlinks",
      "name": "Can delete list links",
      "content_type": 14
    }
  },
  {
    "pk": 44,
    "model": "auth.permission",
    "fields": {
      "codename": "add_logentry",
      "name": "Can add log entry",
      "content_type": 15
    }
  },
  {
    "pk": 45,
    "model": "auth.permission",
    "fields": {
      "codename": "change_logentry",
      "name": "Can change log entry",
      "content_type": 15
    }
  },
  {
    "pk": 46,
    "model": "auth.permission",
    "fields": {
      "codename": "delete_logentry",
      "name": "Can delete log entry",
      "content_type": 15
    }
  },
  {
    "pk": 47,
    "model": "auth.permission",
    "fields": {
      "codename": "add_captchastore",
      "name": "Can add captcha store",
      "content_type": 16
    }
  },
  {
    "pk": 48,
    "model": "auth.permission",
    "fields": {
      "codename": "change_captchastore",
      "name": "Can change captcha store",
      "content_type": 16
    }
  },
  {
    "pk": 49,
    "model": "auth.permission",
    "fields": {
      "codename": "delete_captchastore",
      "name": "Can delete captcha store",
      "content_type": 16
    }
  },
  {
    "pk": 50,
    "model": "auth.permission",
    "fields": {
      "codename": "add_tag",
      "name": "Can add Tag",
      "content_type": 17
    }
  },
  {
    "pk": 51,
    "model": "auth.permission",
    "fields": {
      "codename": "change_tag",
      "name": "Can change Tag",
      "content_type": 17
    }
  },
  {
    "pk": 52,
    "model": "auth.permission",
    "fields": {
      "codename": "delete_tag",
      "name": "Can delete Tag",
      "content_type": 17
    }
  },
  {
    "pk": 53,
    "model": "auth.permission",
    "fields": {
      "codename": "add_taggeditem",
      "name": "Can add Tagged Item",
      "content_type": 18
    }
  },
  {
    "pk": 54,
    "model": "auth.permission",
    "fields": {
      "codename": "change_taggeditem",
      "name": "Can change Tagged Item",
      "content_type": 18
    }
  },
  {
    "pk": 55,
    "model": "auth.permission",
    "fields": {
      "codename": "delete_taggeditem",
      "name": "Can delete Tagged Item",
      "content_type": 18
    }
  },
  {
    "pk": 1,
    "model": "auth.user",
    "fields": {
      "username": "root",
      "first_name": "",
      "last_name": "",
      "is_active": true,
      "is_superuser": true,
      "is_staff": true,
      "last_login": "2013-08-03T13:26:53.024Z",
      "groups": [],
      "user_permissions": [],
      "password": "pbkdf2_sha256$10000$bZGzdCqWubTc$q7Y99Yn9UOD5PERrPsuWY+TJDA7yU/lxUapxJqCBFnc=",
      "email": "root@example.com",
      "date_joined": "2013-08-03T13:25:50.462Z"
    }
  },
  {
    "pk": 2,
    "model": "auth.user",
    "fields": {
      "username": "victor",
      "first_name": "",
      "last_name": "",
      "is_active": true,
      "is_superuser": true,
      "is_staff": true,
      "last_login": "2013-08-05T21:33:48.142Z",
      "groups": [],
      "user_permissions": [],
      "password": "pbkdf2_sha256$10000$1WfhgATxC8Vt$p9qIAGq6pnBlH6XSEXok2xBfB3weg0yvVPusnTDEPTs=",
      "email": "victor@example.com",
      "date_joined": "2013-08-03T13:26:28Z"
    }
  },
  {
    "pk": 3,
    "model": "auth.user",
    "fields": {
      "username": "foobar",
      "first_name": "",
      "last_name": "",
      "is_active": true,
      "is_superuser": false,
      "is_staff": false,
      "last_login": "2013-08-03T13:26:43.729Z",
      "groups": [],
      "user_permissions": [],
      "password": "pbkdf2_sha256$10000$zy6iImckpTop$lSdJkmznLakG7W4ufSY2mhsMshdUISlaJK/H7DRmKg4=",
      "email": "foobar@example.com",
      "date_joined": "2013-08-03T13:26:42.957Z"
    }
  },
  {
    "pk": 4,
    "model": "auth.user",
    "fields": {
      "username": "MiniMe",
      "first_name": "",
      "last_name": "",
      "is_active": true,
      "is_superuser": false,
      "is_staff": false,
      "last_login": "2013-08-05T21:32:05.846Z",
      "groups": [],
      "user_permissions": [],
      "password": "pbkdf2_sha256$10000$yqFW4FhyGDge$wo+6gro88mF0R77XSUSsF6nHueE8e8Pm+AFt0sEUsXY=",
      "email": "james@example.com",
      "date_joined": "2013-08-05T21:32:04.855Z"
    }
  },
  {
    "pk": 1,
    "model": "comments.comment",
    "fields": {
      "comment": "asdf",
      "user_url": "",
      "submit_date": "2013-08-05T21:34:16.910Z",
      "ip_address": "127.0.0.1",
      "object_pk": "1",
      "site": 1,
      "is_removed": false,
      "user": 2,
      "content_type": 12,
      "is_public": true,
      "user_name": "victor",
      "user_email": ""
    }
  },
  {
    "pk": 2,
    "model": "comments.comment",
    "fields": {
      "comment": "sdf",
      "user_url": "",
      "submit_date": "2013-08-05T21:34:21.251Z",
      "ip_address": "127.0.0.1",
      "object_pk": "1",
      "site": 1,
      "is_removed": false,
      "user": 2,
      "content_type": 12,
      "is_public": true,
      "user_name": "victor",
      "user_email": ""
    }
  },
  {
    "pk": 3,
    "model": "comments.comment",
    "fields": {
      "comment": "POPULAR LISTS CONTAINING THIS LINK",
      "user_url": "",
      "submit_date": "2013-08-05T21:34:45.911Z",
      "ip_address": "127.0.0.1",
      "object_pk": "1",
      "site": 1,
      "is_removed": false,
      "user": 2,
      "content_type": 12,
      "is_public": true,
      "user_name": "victor",
      "user_email": ""
    }
  },
  {
    "pk": 4,
    "model": "comments.comment",
    "fields": {
      "comment": "good idea",
      "user_url": "",
      "submit_date": "2013-08-05T21:36:02.550Z",
      "ip_address": "127.0.0.1",
      "object_pk": "1",
      "site": 1,
      "is_removed": false,
      "user": 2,
      "content_type": 12,
      "is_public": true,
      "user_name": "victor",
      "user_email": ""
    }
  },
  {
    "pk": 5,
    "model": "comments.comment",
    "fields": {
      "comment": "asdf",
      "user_url": "",
      "submit_date": "2013-08-05T21:36:54.395Z",
      "ip_address": "127.0.0.1",
      "object_pk": "1",
      "site": 1,
      "is_removed": false,
      "user": 2,
      "content_type": 12,
      "is_public": true,
      "user_name": "victor",
      "user_email": ""
    }
  },
  {
    "pk": 1,
    "model": "mptt_comments.mpttcomment",
    "fields": {
      "rght": 4,
      "parent": null,
      "level": 0,
      "title": "",
      "lft": 1,
      "tree_id": 1
    }
  },
  {
    "pk": 2,
    "model": "mptt_comments.mpttcomment",
    "fields": {
      "rght": 3,
      "parent": 1,
      "level": 1,
      "title": "",
      "lft": 2,
      "tree_id": 1
    }
  },
  {
    "pk": 3,
    "model": "mptt_comments.mpttcomment",
    "fields": {
      "rght": 6,
      "parent": null,
      "level": 0,
      "title": "",
      "lft": 1,
      "tree_id": 2
    }
  },
  {
    "pk": 4,
    "model": "mptt_comments.mpttcomment",
    "fields": {
      "rght": 3,
      "parent": 3,
      "level": 1,
      "title": "",
      "lft": 2,
      "tree_id": 2
    }
  },
  {
    "pk": 5,
    "model": "mptt_comments.mpttcomment",
    "fields": {
      "rght": 5,
      "parent": 3,
      "level": 1,
      "title": "",
      "lft": 4,
      "tree_id": 2
    }
  },
  {
    "pk": 1,
    "model": "userprofile.profile",
    "fields": {
      "show_email": false,
      "favs": [],
      "about": "",
      "user": 2,
      "slug": "victor"
    }
  },
  {
    "pk": 2,
    "model": "userprofile.profile",
    "fields": {
      "show_email": false,
      "favs": [],
      "about": "",
      "user": 3,
      "slug": "foobar"
    }
  },
  {
    "pk": 3,
    "model": "userprofile.profile",
    "fields": {
      "show_email": false,
      "favs": [],
      "about": "",
      "user": 4,
      "slug": "minime"
    }
  },
  {
    "pk": 1,
    "model": "link.link",
    "fields": {
      "hash2": "262rwvemyjf",
      "url": "http://12devs.co.uk/articles/204/",
      "author": 2,
      "slug": "building-static-websites-with-middleman-deploying-to-heroku",
      "pubdate": "2013-08-03T13:27:42.817Z",
      "title": "Building static websites with Middleman, deploying to Heroku"
    }
  },
  {
    "pk": 2,
    "model": "link.link",
    "fields": {
      "hash2": "1xd5bghbz0n",
      "url": "http://tobyho.com/2010/11/22/javascript-constructors-and/",
      "author": 2,
      "slug": "javascript-constructors-and-prototypes",
      "pubdate": "2013-08-03T13:32:09.645Z",
      "title": "Javascript Constructors and Prototypes"
    }
  },
  {
    "pk": 3,
    "model": "link.link",
    "fields": {
      "hash2": "2i1kc0y52iw",
      "url": "http://betterexplained.com/articles/the-single-page-javascript-overview/",
      "author": 2,
      "slug": "single-page-simple-comprehensive-overview-of-javascript",
      "pubdate": "2013-08-03T13:32:25.540Z",
      "title": "Single page, Simple, Comprehensive Overview of Javascript"
    }
  },
  {
    "pk": 1,
    "model": "list.list",
    "fields": {
      "md_content": "\n1. [link](/lk/1/building-static-websites-with-middleman-deploying-to-heroku/) [Building static websites with Middleman, deploying to Heroku](http://12devs.co.uk/articles/204/)",
      "description": "My bookmarks.",
      "pubdate": "2013-08-03",
      "title": "Bookmarks",
      "html_content": "<ol>\n<li><a href=\"/lk/1/building-static-websites-with-middleman-deploying-to-heroku/\" rel=\"nofollow\">link</a> <a href=\"http://12devs.co.uk/articles/204/\" rel=\"nofollow\">Building static websites with Middleman, deploying to Heroku</a></li>\n</ol>",
      "owner": 2,
      "is_public": false,
      "slug": "bookmarks"
    }
  },
  {
    "pk": 2,
    "model": "list.list",
    "fields": {
      "md_content": "",
      "description": "My reading list.",
      "pubdate": "2013-08-03",
      "title": "Reading list",
      "html_content": "",
      "owner": 2,
      "is_public": false,
      "slug": "reading-list"
    }
  },
  {
    "pk": 3,
    "model": "list.list",
    "fields": {
      "md_content": "\n \n1. [link](/lk/1/building-static-websites-with-middleman-deploying-to-heroku/) [Building static websites with Middleman, deploying to Heroku](http://12devs.co.uk/articles/204/)",
      "description": "My JS links",
      "pubdate": "2013-08-03",
      "title": "My JS links",
      "html_content": "<ol>\n<li><a href=\"/lk/1/building-static-websites-with-middleman-deploying-to-heroku/\" rel=\"nofollow\">link</a> <a href=\"http://12devs.co.uk/articles/204/\" rel=\"nofollow\">Building static websites with Middleman, deploying to Heroku</a></li>\n</ol>",
      "owner": 2,
      "is_public": true,
      "slug": "my-js-links"
    }
  },
  {
    "pk": 4,
    "model": "list.list",
    "fields": {
      "md_content": "##### lala\r\n\r\n*   hey\r\n*   ho\n \n1. [link](/lk/3/single-page-simple-comprehensive-overview-of-javascript/) [Single page, Simple, Comprehensive Overview of Javascript](http://betterexplained.com/articles/the-single-page-javascript-overview/)\n1. [link](/lk/2/javascript-constructors-and-prototypes/) [Javascript Constructors and Prototypes](http://tobyho.com/2010/11/22/javascript-constructors-and/)\n \n \n \n \n \n1. [link](/lk/1/building-static-websites-with-middleman-deploying-to-heroku/) [Building static websites with Middleman, deploying to Heroku](http://12devs.co.uk/articles/204/)",
      "description": "Hihihi",
      "pubdate": "2013-08-04",
      "title": "Hihihi",
      "html_content": "<h5>lala</h5>\n<ul>\n<li>hey</li>\n<li>\n<p>ho</p>\n</li>\n<li>\n<p><a href=\"/lk/3/single-page-simple-comprehensive-overview-of-javascript/\" rel=\"nofollow\">link</a> <a href=\"http://betterexplained.com/articles/the-single-page-javascript-overview/\" rel=\"nofollow\">Single page, Simple, Comprehensive Overview of Javascript</a></p>\n</li>\n<li>\n<p><a href=\"/lk/2/javascript-constructors-and-prototypes/\" rel=\"nofollow\">link</a> <a href=\"http://tobyho.com/2010/11/22/javascript-constructors-and/\" rel=\"nofollow\">Javascript Constructors and Prototypes</a></p>\n</li>\n<li>\n<p><a href=\"/lk/1/building-static-websites-with-middleman-deploying-to-heroku/\" rel=\"nofollow\">link</a> <a href=\"http://12devs.co.uk/articles/204/\" rel=\"nofollow\">Building static websites with Middleman, deploying to Heroku</a></p>\n</li>\n</ul>",
      "owner": 2,
      "is_public": true,
      "slug": "hihihi"
    }
  },
  {
    "pk": 5,
    "model": "list.list",
    "fields": {
      "md_content": "\n \n \n1. [link](/lk/1/building-static-websites-with-middleman-deploying-to-heroku/) [Building static websites with Middleman, deploying to Heroku](http://12devs.co.uk/articles/204/)",
      "description": "sd",
      "pubdate": "2013-08-05",
      "title": "sdsd",
      "html_content": "<ol>\n<li><a href=\"/lk/1/building-static-websites-with-middleman-deploying-to-heroku/\" rel=\"nofollow\">link</a> <a href=\"http://12devs.co.uk/articles/204/\" rel=\"nofollow\">Building static websites with Middleman, deploying to Heroku</a></li>\n</ol>",
      "owner": 2,
      "is_public": true,
      "slug": "sdsd"
    }
  },
  {
    "pk": 6,
    "model": "list.list",
    "fields": {
      "md_content": "\n1. [link](/lk/1/building-static-websites-with-middleman-deploying-to-heroku/) [Building static websites with Middleman, deploying to Heroku](http://12devs.co.uk/articles/204/)\n1. [link](/lk/1/building-static-websites-with-middleman-deploying-to-heroku/) [Building static websites with Middleman, deploying to Heroku](http://12devs.co.uk/articles/204/)",
      "description": "fsdf",
      "pubdate": "2013-08-05",
      "title": "fsdfsd",
      "html_content": "<ol>\n<li><a href=\"/lk/1/building-static-websites-with-middleman-deploying-to-heroku/\" rel=\"nofollow\">link</a> <a href=\"http://12devs.co.uk/articles/204/\" rel=\"nofollow\">Building static websites with Middleman, deploying to Heroku</a></li>\n<li><a href=\"/lk/1/building-static-websites-with-middleman-deploying-to-heroku/\" rel=\"nofollow\">link</a> <a href=\"http://12devs.co.uk/articles/204/\" rel=\"nofollow\">Building static websites with Middleman, deploying to Heroku</a></li>\n</ol>",
      "owner": 2,
      "is_public": false,
      "slug": "fsdfsd"
    }
  },
  {
    "pk": 1,
    "model": "admin.logentry",
    "fields": {
      "action_flag": 2,
      "action_time": "2013-08-03T13:27:01.451Z",
      "object_repr": "victor",
      "object_id": "2",
      "change_message": "Changed password, is_staff and is_superuser.",
      "user": 1,
      "content_type": 3
    }
  },
  {
    "pk": 2,
    "model": "admin.logentry",
    "fields": {
      "action_flag": 3,
      "action_time": "2013-08-04T14:20:34.159Z",
      "object_repr": "Ma liste.",
      "object_id": "4",
      "change_message": "",
      "user": 2,
      "content_type": 13
    }
  },
  {
    "pk": 3,
    "model": "admin.logentry",
    "fields": {
      "action_flag": 3,
      "action_time": "2013-08-04T14:21:21.430Z",
      "object_repr": "Ma liste.",
      "object_id": "4",
      "change_message": "",
      "user": 2,
      "content_type": 13
    }
  },
  {
    "pk": 2,
    "model": "list.listlinks",
    "fields": {
      "adddate": "2013-08-03",
      "alist": 2,
      "links": 1
    }
  },
  {
    "pk": 3,
    "model": "list.listlinks",
    "fields": {
      "adddate": "2013-08-03",
      "alist": 3,
      "links": 3
    }
  },
  {
    "pk": 6,
    "model": "list.listlinks",
    "fields": {
      "adddate": "2013-08-03",
      "alist": 1,
      "links": 2
    }
  },
  {
    "pk": 7,
    "model": "list.listlinks",
    "fields": {
      "adddate": "2013-08-03",
      "alist": 1,
      "links": 3
    }
  },
  {
    "pk": 8,
    "model": "list.listlinks",
    "fields": {
      "adddate": "2013-08-04",
      "alist": 4,
      "links": 3
    }
  },
  {
    "pk": 9,
    "model": "list.listlinks",
    "fields": {
      "adddate": "2013-08-04",
      "alist": 4,
      "links": 2
    }
  },
  {
    "pk": 11,
    "model": "list.listlinks",
    "fields": {
      "adddate": "2013-08-05",
      "alist": 1,
      "links": 1
    }
  },
  {
    "pk": 12,
    "model": "list.listlinks",
    "fields": {
      "adddate": "2013-08-05",
      "alist": 5,
      "links": 1
    }
  },
  {
    "pk": 14,
    "model": "list.listlinks",
    "fields": {
      "adddate": "2013-08-05",
      "alist": 3,
      "links": 1
    }
  },
  {
    "pk": 15,
    "model": "list.listlinks",
    "fields": {
      "adddate": "2013-08-05",
      "alist": 6,
      "links": 1
    }
  },
  {
    "pk": 16,
    "model": "list.listlinks",
    "fields": {
      "adddate": "2013-08-06",
      "alist": 4,
      "links": 1
    }
  }
]
