[
  {
    "pk": 1,
    "model": "auth.user",
    "fields": {
      "username": "root",
      "first_name": "",
      "last_name": "",
      "is_active": true,
      "is_superuser": true,
      "is_staff": true,
      "last_login": "2013-09-08T08:51:12.467Z",
      "groups": [],
      "user_permissions": [],
      "password": "pbkdf2_sha256$10000$P3QUEKpcfSgS$MrVPwWa7Kswy8pJVkfj2TzlQmRec5YnLkd5r9RQatY8=",
      "email": "root@example.com",
      "date_joined": "2013-09-08T08:50:03.850Z"
    }
  },
  {
    "pk": 2,
    "model": "auth.user",
    "fields": {
      "username": "victor",
      "first_name": "",
      "last_name": "",
      "is_active": true,
      "is_superuser": false,
      "is_staff": false,
      "last_login": "2013-09-08T08:58:32.178Z",
      "groups": [],
      "user_permissions": [],
      "password": "pbkdf2_sha256$10000$J2l4JIS0yqvN$u4yhwdQf2g6O4ELt1JQNzpBIj5yDs7EFkYARpMlNBlM=",
      "email": "victorfelder@gmail.com",
      "date_joined": "2013-09-08T08:51:55.453Z"
    }
  },
  {
    "pk": 3,
    "model": "auth.user",
    "fields": {
      "username": "foobar",
      "first_name": "",
      "last_name": "",
      "is_active": true,
      "is_superuser": false,
      "is_staff": false,
      "last_login": "2013-09-08T08:55:53.709Z",
      "groups": [],
      "user_permissions": [],
      "password": "pbkdf2_sha256$10000$pIMJO7d8mXQh$pvmHRo16zjYDZPhySQZYZhhSVrtLnrGbZQkrcU2XoKM=",
      "email": "foo@example.com",
      "date_joined": "2013-09-08T08:55:52.953Z"
    }
  },
  {
    "pk": 4,
    "model": "auth.user",
    "fields": {
      "username": "MiniMe",
      "first_name": "",
      "last_name": "",
      "is_active": true,
      "is_superuser": false,
      "is_staff": false,
      "last_login": "2013-08-05T21:32:05.846Z",
      "groups": [],
      "user_permissions": [],
      "password": "pbkdf2_sha256$10000$yqFW4FhyGDge$wo+6gro88mF0R77XSUSsF6nHueE8e8Pm+AFt0sEUsXY=",
      "email": "james@example.com",
      "date_joined": "2013-08-05T21:32:04.855Z"
    }
  },
  {
    "pk": 1,
    "model": "taggit.tag",
    "fields": {
      "name": "Ruby",
      "slug": "ruby"
    }
  },
  {
    "pk": 2,
    "model": "taggit.tag",
    "fields": {
      "name": "Static Site Generator",
      "slug": "static-site-generator"
    }
  },
  {
    "pk": 3,
    "model": "taggit.tag",
    "fields": {
      "name": "Ruby on Rails",
      "slug": "ruby-on-rails"
    }
  },
  {
    "pk": 4,
    "model": "taggit.tag",
    "fields": {
      "name": "Javascript",
      "slug": "javascript"
    }
  },
  {
    "pk": 1,
    "model": "list.list",
    "fields": {
      "md_content": "\n1. [link](/lk/1/building-static-websites-with-middleman-deploying-to-heroku/) [Building static websites with Middleman, deploying to Heroku](http://12devs.co.uk/articles/204/)\n1. [link](/lk/2/javascript-constructors-and-prototypes/) [Javascript Constructors and Prototypes](http://tobyho.com/2010/11/22/javascript-constructors-and/)\n1. [link](/lk/3/single-page-simple-comprehensive-overview-of-javascript/) [Single page, Simple, Comprehensive Overview of Javascript](http://betterexplained.com/articles/the-single-page-javascript-overview/)\n1. [link](/lk/1/building-static-websites-with-middleman-deploying-to-heroku/) [Building static websites with Middleman, deploying to Heroku](http://12devs.co.uk/articles/204/)",
      "description": "My bookmarks.",
      "pubdate": "2013-08-03",
      "title": "Bookmarks",
      "html_content": "<ol>\n<li><a href=\"/lk/1/building-static-websites-with-middleman-deploying-to-heroku/\" rel=\"nofollow\">link</a> <a href=\"http://12devs.co.uk/articles/204/\" rel=\"nofollow\">Building static websites with Middleman, deploying to Heroku</a></li>\n<li><a href=\"/lk/2/javascript-constructors-and-prototypes/\" rel=\"nofollow\">link</a> <a href=\"http://tobyho.com/2010/11/22/javascript-constructors-and/\" rel=\"nofollow\">Javascript Constructors and Prototypes</a></li>\n<li><a href=\"/lk/3/single-page-simple-comprehensive-overview-of-javascript/\" rel=\"nofollow\">link</a> <a href=\"http://betterexplained.com/articles/the-single-page-javascript-overview/\" rel=\"nofollow\">Single page, Simple, Comprehensive Overview of Javascript</a></li>\n<li><a href=\"/lk/1/building-static-websites-with-middleman-deploying-to-heroku/\" rel=\"nofollow\">link</a> <a href=\"http://12devs.co.uk/articles/204/\" rel=\"nofollow\">Building static websites with Middleman, deploying to Heroku</a></li>\n</ol>",
      "owner": 2,
      "is_public": false,
      "slug": "bookmarks",
      "upvotes": 0,
      "votes_h00": 0,
      "votes_h02": 0,
      "votes_h04": 0,
      "votes_h06": 0,
      "votes_h08": 0,
      "votes_h10": 0,
      "votes_h12": 0,
      "votes_h14": 0,
      "votes_h16": 0,
      "votes_h18": 0,
      "votes_h20": 0,
      "votes_h22": 0,
      "score_h24": 0
    }
  },
  {
    "pk": 2,
    "model": "list.list",
    "fields": {
      "md_content": "\n1. [link](/lk/1/building-static-websites-with-middleman-deploying-to-heroku/) [Building static websites with Middleman, deploying to Heroku](http://12devs.co.uk/articles/204/)",
      "description": "My reading list.",
      "pubdate": "2013-08-03",
      "title": "Reading list",
      "html_content": "<ol>\n<li><a href=\"/lk/1/building-static-websites-with-middleman-deploying-to-heroku/\" rel=\"nofollow\">link</a> <a href=\"http://12devs.co.uk/articles/204/\" rel=\"nofollow\">Building static websites with Middleman, deploying to Heroku</a></li>\n</ol>",
      "owner": 2,
      "is_public": false,
      "slug": "reading-list",
      "upvotes": 0,
      "votes_h00": 0,
      "votes_h02": 0,
      "votes_h04": 0,
      "votes_h06": 0,
      "votes_h08": 0,
      "votes_h10": 0,
      "votes_h12": 0,
      "votes_h14": 0,
      "votes_h16": 0,
      "votes_h18": 0,
      "votes_h20": 0,
      "votes_h22": 0,
      "score_h24": 0
    }
  },
  {
    "pk": 3,
    "model": "list.list",
    "fields": {
      "md_content": "\n \n1. [link](/lk/1/building-static-websites-with-middleman-deploying-to-heroku/) [Building static websites with Middleman, deploying to Heroku](http://12devs.co.uk/articles/204/)\n1. [link](/lk/3/single-page-simple-comprehensive-overview-of-javascript/) [Single page, Simple, Comprehensive Overview of Javascript](http://betterexplained.com/articles/the-single-page-javascript-overview/)\n1. [link](/lk/1/building-static-websites-with-middleman-deploying-to-heroku/) [Building static websites with Middleman, deploying to Heroku](http://12devs.co.uk/articles/204/)",
      "description": "My JS links",
      "pubdate": "2013-08-03",
      "title": "My JS links",
      "html_content": "<ol>\n<li><a href=\"/lk/1/building-static-websites-with-middleman-deploying-to-heroku/\" rel=\"nofollow\">link</a> <a href=\"http://12devs.co.uk/articles/204/\" rel=\"nofollow\">Building static websites with Middleman, deploying to Heroku</a></li>\n<li><a href=\"/lk/3/single-page-simple-comprehensive-overview-of-javascript/\" rel=\"nofollow\">link</a> <a href=\"http://betterexplained.com/articles/the-single-page-javascript-overview/\" rel=\"nofollow\">Single page, Simple, Comprehensive Overview of Javascript</a></li>\n<li><a href=\"/lk/1/building-static-websites-with-middleman-deploying-to-heroku/\" rel=\"nofollow\">link</a> <a href=\"http://12devs.co.uk/articles/204/\" rel=\"nofollow\">Building static websites with Middleman, deploying to Heroku</a></li>\n</ol>",
      "owner": 2,
      "is_public": true,
      "slug": "my-js-links",
      "upvotes": 0,
      "votes_h00": 0,
      "votes_h02": 0,
      "votes_h04": 0,
      "votes_h06": 0,
      "votes_h08": 0,
      "votes_h10": 0,
      "votes_h12": 0,
      "votes_h14": 0,
      "votes_h16": 0,
      "votes_h18": 0,
      "votes_h20": 0,
      "votes_h22": 0,
      "score_h24": 0
    }
  },
  {
    "pk": 4,
    "model": "list.list",
    "fields": {
      "md_content": "##### lala\r\n\r\n*   hey\r\n*   ho\n \n1. [link](/lk/3/single-page-simple-comprehensive-overview-of-javascript/) [Single page, Simple, Comprehensive Overview of Javascript](http://betterexplained.com/articles/the-single-page-javascript-overview/)\n1. [link](/lk/2/javascript-constructors-and-prototypes/) [Javascript Constructors and Prototypes](http://tobyho.com/2010/11/22/javascript-constructors-and/)\n \n \n \n \n \n1. [link](/lk/1/building-static-websites-with-middleman-deploying-to-heroku/) [Building static websites with Middleman, deploying to Heroku](http://12devs.co.uk/articles/204/)\n1. [link](/lk/3/single-page-simple-comprehensive-overview-of-javascript/) [Single page, Simple, Comprehensive Overview of Javascript](http://betterexplained.com/articles/the-single-page-javascript-overview/)\n1. [link](/lk/2/javascript-constructors-and-prototypes/) [Javascript Constructors and Prototypes](http://tobyho.com/2010/11/22/javascript-constructors-and/)\n1. [link](/lk/1/building-static-websites-with-middleman-deploying-to-heroku/) [Building static websites with Middleman, deploying to Heroku](http://12devs.co.uk/articles/204/)",
      "description": "Hihihi",
      "pubdate": "2013-08-04",
      "title": "Hihihi",
      "html_content": "<h5>lala</h5>\n<ul>\n<li>hey</li>\n<li>\n<p>ho</p>\n</li>\n<li>\n<p><a href=\"/lk/3/single-page-simple-comprehensive-overview-of-javascript/\" rel=\"nofollow\">link</a> <a href=\"http://betterexplained.com/articles/the-single-page-javascript-overview/\" rel=\"nofollow\">Single page, Simple, Comprehensive Overview of Javascript</a></p>\n</li>\n<li>\n<p><a href=\"/lk/2/javascript-constructors-and-prototypes/\" rel=\"nofollow\">link</a> <a href=\"http://tobyho.com/2010/11/22/javascript-constructors-and/\" rel=\"nofollow\">Javascript Constructors and Prototypes</a></p>\n</li>\n<li>\n<p><a href=\"/lk/1/building-static-websites-with-middleman-deploying-to-heroku/\" rel=\"nofollow\">link</a> <a href=\"http://12devs.co.uk/articles/204/\" rel=\"nofollow\">Building static websites with Middleman, deploying to Heroku</a></p>\n</li>\n<li><a href=\"/lk/3/single-page-simple-comprehensive-overview-of-javascript/\" rel=\"nofollow\">link</a> <a href=\"http://betterexplained.com/articles/the-single-page-javascript-overview/\" rel=\"nofollow\">Single page, Simple, Comprehensive Overview of Javascript</a></li>\n<li><a href=\"/lk/2/javascript-constructors-and-prototypes/\" rel=\"nofollow\">link</a> <a href=\"http://tobyho.com/2010/11/22/javascript-constructors-and/\" rel=\"nofollow\">Javascript Constructors and Prototypes</a></li>\n<li><a href=\"/lk/1/building-static-websites-with-middleman-deploying-to-heroku/\" rel=\"nofollow\">link</a> <a href=\"http://12devs.co.uk/articles/204/\" rel=\"nofollow\">Building static websites with Middleman, deploying to Heroku</a></li>\n</ul>",
      "owner": 2,
      "is_public": true,
      "slug": "hihihi",
      "upvotes": 0,
      "votes_h00": 0,
      "votes_h02": 0,
      "votes_h04": 0,
      "votes_h06": 0,
      "votes_h08": 0,
      "votes_h10": 0,
      "votes_h12": 0,
      "votes_h14": 0,
      "votes_h16": 0,
      "votes_h18": 0,
      "votes_h20": 0,
      "votes_h22": 0,
      "score_h24": 0
    }
  },
  {
    "pk": 5,
    "model": "list.list",
    "fields": {
      "md_content": "\n \n \n1. [link](/lk/1/building-static-websites-with-middleman-deploying-to-heroku/) [Building static websites with Middleman, deploying to Heroku](http://12devs.co.uk/articles/204/)\n1. [link](/lk/1/building-static-websites-with-middleman-deploying-to-heroku/) [Building static websites with Middleman, deploying to Heroku](http://12devs.co.uk/articles/204/)",
      "description": "sd",
      "pubdate": "2013-08-05",
      "title": "sdsd",
      "html_content": "<ol>\n<li><a href=\"/lk/1/building-static-websites-with-middleman-deploying-to-heroku/\" rel=\"nofollow\">link</a> <a href=\"http://12devs.co.uk/articles/204/\" rel=\"nofollow\">Building static websites with Middleman, deploying to Heroku</a></li>\n<li><a href=\"/lk/1/building-static-websites-with-middleman-deploying-to-heroku/\" rel=\"nofollow\">link</a> <a href=\"http://12devs.co.uk/articles/204/\" rel=\"nofollow\">Building static websites with Middleman, deploying to Heroku</a></li>\n</ol>",
      "owner": 2,
      "is_public": true,
      "slug": "sdsd",
      "upvotes": 0,
      "votes_h00": 0,
      "votes_h02": 0,
      "votes_h04": 0,
      "votes_h06": 0,
      "votes_h08": 0,
      "votes_h10": 0,
      "votes_h12": 0,
      "votes_h14": 0,
      "votes_h16": 0,
      "votes_h18": 0,
      "votes_h20": 0,
      "votes_h22": 0,
      "score_h24": 0
    }
  },
  {
    "pk": 6,
    "model": "list.list",
    "fields": {
      "md_content": "\n1. [link](/lk/1/building-static-websites-with-middleman-deploying-to-heroku/) [Building static websites with Middleman, deploying to Heroku](http://12devs.co.uk/articles/204/)\n1. [link](/lk/1/building-static-websites-with-middleman-deploying-to-heroku/) [Building static websites with Middleman, deploying to Heroku](http://12devs.co.uk/articles/204/)\n1. [link](/lk/1/building-static-websites-with-middleman-deploying-to-heroku/) [Building static websites with Middleman, deploying to Heroku](http://12devs.co.uk/articles/204/)",
      "description": "fsdf",
      "pubdate": "2013-08-05",
      "title": "fsdfsd",
      "html_content": "<ol>\n<li><a href=\"/lk/1/building-static-websites-with-middleman-deploying-to-heroku/\" rel=\"nofollow\">link</a> <a href=\"http://12devs.co.uk/articles/204/\" rel=\"nofollow\">Building static websites with Middleman, deploying to Heroku</a></li>\n<li><a href=\"/lk/1/building-static-websites-with-middleman-deploying-to-heroku/\" rel=\"nofollow\">link</a> <a href=\"http://12devs.co.uk/articles/204/\" rel=\"nofollow\">Building static websites with Middleman, deploying to Heroku</a></li>\n<li><a href=\"/lk/1/building-static-websites-with-middleman-deploying-to-heroku/\" rel=\"nofollow\">link</a> <a href=\"http://12devs.co.uk/articles/204/\" rel=\"nofollow\">Building static websites with Middleman, deploying to Heroku</a></li>\n</ol>",
      "owner": 2,
      "is_public": false,
      "slug": "fsdfsd",
      "upvotes": 0,
      "votes_h00": 0,
      "votes_h02": 0,
      "votes_h04": 0,
      "votes_h06": 0,
      "votes_h08": 0,
      "votes_h10": 0,
      "votes_h12": 0,
      "votes_h14": 0,
      "votes_h16": 0,
      "votes_h18": 0,
      "votes_h20": 0,
      "votes_h22": 0,
      "score_h24": 0
    }
  },
  {
    "pk": 1,
    "model": "link.link",
    "fields": {
      "pubdate": "2013-08-03T13:27:42.817Z",
      "author": 2,
      "url": "http://12devs.co.uk/articles/204/",
      "title": "Building static websites with Middleman, deploying to Heroku",
      "hash2": "262rwvemyjf",
      "slug": "building-static-websites-with-middleman-deploying-to-heroku",
      "upvotes": 0,
      "votes_h00": 0,
      "votes_h02": 0,
      "votes_h04": 0,
      "votes_h06": 0,
      "votes_h08": 0,
      "votes_h10": 0,
      "votes_h12": 0,
      "votes_h14": 0,
      "votes_h16": 0,
      "votes_h18": 0,
      "votes_h20": 0,
      "votes_h22": 0,
      "score_h24": 0
    }
  },
  {
    "pk": 2,
    "model": "link.link",
    "fields": {
      "pubdate": "2013-08-03T13:32:09.645Z",
      "author": 2,
      "url": "http://tobyho.com/2010/11/22/javascript-constructors-and/",
      "title": "Javascript Constructors and Prototypes",
      "hash2": "1xd5bghbz0n",
      "slug": "javascript-constructors-and-prototypes",
      "upvotes": 0,
      "votes_h00": 0,
      "votes_h02": 0,
      "votes_h04": 0,
      "votes_h06": 0,
      "votes_h08": 0,
      "votes_h10": 0,
      "votes_h12": 0,
      "votes_h14": 0,
      "votes_h16": 0,
      "votes_h18": 0,
      "votes_h20": 0,
      "votes_h22": 0,
      "score_h24": 0
    }
  },
  {
    "pk": 3,
    "model": "link.link",
    "fields": {
      "pubdate": "2013-08-03T13:32:25.540Z",
      "author": 2,
      "url": "http://betterexplained.com/articles/the-single-page-javascript-overview/",
      "title": "Single page, Simple, Comprehensive Overview of Javascript",
      "hash2": "2i1kc0y52iw",
      "slug": "single-page-simple-comprehensive-overview-of-javascript",
      "upvotes": 0,
      "votes_h00": 0,
      "votes_h02": 0,
      "votes_h04": 0,
      "votes_h06": 0,
      "votes_h08": 0,
      "votes_h10": 0,
      "votes_h12": 0,
      "votes_h14": 0,
      "votes_h16": 0,
      "votes_h18": 0,
      "votes_h20": 0,
      "votes_h22": 0,
      "score_h24": 0
    }
  },
  {
    "pk": 1,
    "model": "taggit.taggeditem",
    "fields": {
      "tag": 1,
      "content_type": 12,
      "object_id": 1
    }
  },
  {
    "pk": 2,
    "model": "taggit.taggeditem",
    "fields": {
      "tag": 2,
      "content_type": 12,
      "object_id": 1
    }
  },
  {
    "pk": 3,
    "model": "taggit.taggeditem",
    "fields": {
      "tag": 3,
      "content_type": 12,
      "object_id": 1
    }
  },
  {
    "pk": 4,
    "model": "taggit.taggeditem",
    "fields": {
      "tag": 4,
      "content_type": 12,
      "object_id": 2
    }
  },
  {
    "pk": 5,
    "model": "taggit.taggeditem",
    "fields": {
      "tag": 4,
      "content_type": 12,
      "object_id": 3
    }
  },
  {
    "pk": 2,
    "model": "list.listlinks",
    "fields": {
      "adddate": "2013-08-03",
      "alist": 2,
      "links": 1
    }
  },
  {
    "pk": 3,
    "model": "list.listlinks",
    "fields": {
      "adddate": "2013-08-03",
      "alist": 3,
      "links": 3
    }
  },
  {
    "pk": 6,
    "model": "list.listlinks",
    "fields": {
      "adddate": "2013-08-03",
      "alist": 1,
      "links": 2
    }
  },
  {
    "pk": 7,
    "model": "list.listlinks",
    "fields": {
      "adddate": "2013-08-03",
      "alist": 1,
      "links": 3
    }
  },
  {
    "pk": 8,
    "model": "list.listlinks",
    "fields": {
      "adddate": "2013-08-04",
      "alist": 4,
      "links": 3
    }
  },
  {
    "pk": 9,
    "model": "list.listlinks",
    "fields": {
      "adddate": "2013-08-04",
      "alist": 4,
      "links": 2
    }
  },
  {
    "pk": 11,
    "model": "list.listlinks",
    "fields": {
      "adddate": "2013-08-05",
      "alist": 1,
      "links": 1
    }
  },
  {
    "pk": 12,
    "model": "list.listlinks",
    "fields": {
      "adddate": "2013-08-05",
      "alist": 5,
      "links": 1
    }
  },
  {
    "pk": 14,
    "model": "list.listlinks",
    "fields": {
      "adddate": "2013-08-05",
      "alist": 3,
      "links": 1
    }
  },
  {
    "pk": 15,
    "model": "list.listlinks",
    "fields": {
      "adddate": "2013-08-05",
      "alist": 6,
      "links": 1
    }
  },
  {
    "pk": 16,
    "model": "list.listlinks",
    "fields": {
      "adddate": "2013-08-06",
      "alist": 4,
      "links": 1
    }
  },
  {
    "pk": 1,
    "model": "userprofile.profile",
    "fields": {
      "show_email": false,
      "favs": [],
      "about": "",
      "user": 2,
      "slug": "victor"
    }
  },
  {
    "pk": 2,
    "model": "userprofile.profile",
    "fields": {
      "show_email": false,
      "favs": [],
      "about": "",
      "user": 3,
      "slug": "foobar"
    }
  },
  {
    "pk": 3,
    "model": "userprofile.profile",
    "fields": {
      "show_email": false,
      "favs": [],
      "about": "",
      "user": 4,
      "slug": "minime"
    }
  },
  {
    "pk": 1,
    "model": "comments.comment",
    "fields": {
      "comment": "asdf",
      "user_url": "",
      "submit_date": "2013-08-05T21:34:16.910Z",
      "ip_address": "127.0.0.1",
      "object_pk": "1",
      "site": 1,
      "is_removed": false,
      "user": 2,
      "content_type": 12,
      "is_public": true,
      "user_name": "victor",
      "user_email": ""
    }
  },
  {
    "pk": 2,
    "model": "comments.comment",
    "fields": {
      "comment": "sdf",
      "user_url": "",
      "submit_date": "2013-08-05T21:34:21.251Z",
      "ip_address": "127.0.0.1",
      "object_pk": "1",
      "site": 1,
      "is_removed": false,
      "user": 2,
      "content_type": 12,
      "is_public": true,
      "user_name": "victor",
      "user_email": ""
    }
  },
  {
    "pk": 3,
    "model": "comments.comment",
    "fields": {
      "comment": "POPULAR LISTS CONTAINING THIS LINK",
      "user_url": "",
      "submit_date": "2013-08-05T21:34:45.911Z",
      "ip_address": "127.0.0.1",
      "object_pk": "1",
      "site": 1,
      "is_removed": false,
      "user": 2,
      "content_type": 12,
      "is_public": true,
      "user_name": "victor",
      "user_email": ""
    }
  },
  {
    "pk": 4,
    "model": "comments.comment",
    "fields": {
      "comment": "good idea",
      "user_url": "",
      "submit_date": "2013-08-05T21:36:02.550Z",
      "ip_address": "127.0.0.1",
      "object_pk": "1",
      "site": 1,
      "is_removed": false,
      "user": 2,
      "content_type": 12,
      "is_public": true,
      "user_name": "victor",
      "user_email": ""
    }
  },
  {
    "pk": 5,
    "model": "comments.comment",
    "fields": {
      "comment": "asdf",
      "user_url": "",
      "submit_date": "2013-08-05T21:36:54.395Z",
      "ip_address": "127.0.0.1",
      "object_pk": "1",
      "site": 1,
      "is_removed": false,
      "user": 2,
      "content_type": 12,
      "is_public": true,
      "user_name": "victor",
      "user_email": ""
    }
  },
  {
    "pk": 1,
    "model": "mptt_comments.mpttcomment",
    "fields": {
      "rght": 4,
      "parent": null,
      "level": 0,
      "title": "",
      "lft": 1,
      "tree_id": 1
    }
  },
  {
    "pk": 2,
    "model": "mptt_comments.mpttcomment",
    "fields": {
      "rght": 3,
      "parent": 1,
      "level": 1,
      "title": "",
      "lft": 2,
      "tree_id": 1
    }
  },
  {
    "pk": 3,
    "model": "mptt_comments.mpttcomment",
    "fields": {
      "rght": 6,
      "parent": null,
      "level": 0,
      "title": "",
      "lft": 1,
      "tree_id": 2
    }
  },
  {
    "pk": 4,
    "model": "mptt_comments.mpttcomment",
    "fields": {
      "rght": 3,
      "parent": 3,
      "level": 1,
      "title": "",
      "lft": 2,
      "tree_id": 2
    }
  },
  {
    "pk": 5,
    "model": "mptt_comments.mpttcomment",
    "fields": {
      "rght": 5,
      "parent": 3,
      "level": 1,
      "title": "",
      "lft": 4,
      "tree_id": 2
    }
  }
]
